"id","revenue"
3001,NA
3002,NA
3003,NA
3004,NA
3005,NA
3006,NA
3007,NA
3008,NA
3009,NA
3010,NA
3011,NA
3012,NA
3013,NA
3014,NA
3015,NA
3016,NA
3017,NA
3018,NA
3019,NA
3020,NA
3021,NA
3022,NA
3023,NA
3024,NA
3025,NA
3026,NA
3027,NA
3028,NA
3029,NA
3030,NA
3031,NA
3032,NA
3033,NA
3034,NA
3035,NA
3036,NA
3037,NA
3038,NA
3039,NA
3040,NA
3041,NA
3042,NA
3043,NA
3044,NA
3045,NA
3046,NA
3047,NA
3048,NA
3049,NA
3050,NA
3051,NA
3052,NA
3053,NA
3054,NA
3055,NA
3056,NA
3057,NA
3058,NA
3059,NA
3060,NA
3061,NA
3062,NA
3063,NA
3064,NA
3065,NA
3066,NA
3067,NA
3068,NA
3069,NA
3070,NA
3071,NA
3072,NA
3073,NA
3074,NA
3075,NA
3076,NA
3077,NA
3078,NA
3079,NA
3080,NA
3081,NA
3082,NA
3083,NA
3084,NA
3085,NA
3086,NA
3087,NA
3088,NA
3089,NA
3090,NA
3091,NA
3092,NA
3093,NA
3094,NA
3095,NA
3096,NA
3097,NA
3098,NA
3099,NA
3100,NA
3101,NA
3102,NA
3103,NA
3104,NA
3105,NA
3106,NA
3107,NA
3108,NA
3109,NA
3110,NA
3111,NA
3112,NA
3113,NA
3114,NA
3115,NA
3116,NA
3117,NA
3118,NA
3119,NA
3120,NA
3121,NA
3122,NA
3123,NA
3124,NA
3125,NA
3126,NA
3127,NA
3128,NA
3129,NA
3130,NA
3131,NA
3132,NA
3133,NA
3134,NA
3135,NA
3136,NA
3137,NA
3138,NA
3139,NA
3140,NA
3141,NA
3142,NA
3143,NA
3144,NA
3145,NA
3146,NA
3147,NA
3148,NA
3149,NA
3150,NA
3151,NA
3152,NA
3153,NA
3154,NA
3155,NA
3156,NA
3157,NA
3158,NA
3159,NA
3160,NA
3161,NA
3162,NA
3163,NA
3164,NA
3165,NA
3166,NA
3167,NA
3168,NA
3169,NA
3170,NA
3171,NA
3172,NA
3173,NA
3174,NA
3175,NA
3176,NA
3177,NA
3178,NA
3179,NA
3180,NA
3181,NA
3182,NA
3183,NA
3184,NA
3185,NA
3186,NA
3187,NA
3188,NA
3189,NA
3190,NA
3191,NA
3192,NA
3193,NA
3194,NA
3195,NA
3196,NA
3197,NA
3198,NA
3199,NA
3200,NA
3201,NA
3202,NA
3203,NA
3204,NA
3205,NA
3206,NA
3207,NA
3208,NA
3209,NA
3210,NA
3211,NA
3212,NA
3213,NA
3214,NA
3215,NA
3216,NA
3217,NA
3218,NA
3219,NA
3220,NA
3221,NA
3222,NA
3223,NA
3224,NA
3225,NA
3226,NA
3227,NA
3228,NA
3229,NA
3230,NA
3231,NA
3232,NA
3233,NA
3234,NA
3235,NA
3236,NA
3237,NA
3238,NA
3239,NA
3240,NA
3241,NA
3242,NA
3243,NA
3244,NA
3245,NA
3246,NA
3247,NA
3248,NA
3249,NA
3250,NA
3251,NA
3252,NA
3253,NA
3254,NA
3255,NA
3256,NA
3257,NA
3258,NA
3259,NA
3260,NA
3261,NA
3262,NA
3263,NA
3264,NA
3265,NA
3266,NA
3267,NA
3268,NA
3269,NA
3270,NA
3271,NA
3272,NA
3273,NA
3274,NA
3275,NA
3276,NA
3277,NA
3278,NA
3279,NA
3280,NA
3281,NA
3282,NA
3283,NA
3284,NA
3285,NA
3286,NA
3287,NA
3288,NA
3289,NA
3290,NA
3291,NA
3292,NA
3293,NA
3294,NA
3295,NA
3296,NA
3297,NA
3298,NA
3299,NA
3300,NA
3301,NA
3302,NA
3303,NA
3304,NA
3305,NA
3306,NA
3307,NA
3308,NA
3309,NA
3310,NA
3311,NA
3312,NA
3313,NA
3314,NA
3315,NA
3316,NA
3317,NA
3318,NA
3319,NA
3320,NA
3321,NA
3322,NA
3323,NA
3324,NA
3325,NA
3326,NA
3327,NA
3328,NA
3329,NA
3330,NA
3331,NA
3332,NA
3333,NA
3334,NA
3335,NA
3336,NA
3337,NA
3338,NA
3339,NA
3340,NA
3341,NA
3342,NA
3343,NA
3344,NA
3345,NA
3346,NA
3347,NA
3348,NA
3349,NA
3350,NA
3351,NA
3352,NA
3353,NA
3354,NA
3355,NA
3356,NA
3357,NA
3358,NA
3359,NA
3360,NA
3361,NA
3362,NA
3363,NA
3364,NA
3365,NA
3366,NA
3367,NA
3368,NA
3369,NA
3370,NA
3371,NA
3372,NA
3373,NA
3374,NA
3375,NA
3376,NA
3377,NA
3378,NA
3379,NA
3380,NA
3381,NA
3382,NA
3383,NA
3384,NA
3385,NA
3386,NA
3387,NA
3388,NA
3389,NA
3390,NA
3391,NA
3392,NA
3393,NA
3394,NA
3395,NA
3396,NA
3397,NA
3398,NA
3399,NA
3400,NA
3401,NA
3402,NA
3403,NA
3404,NA
3405,NA
3406,NA
3407,NA
3408,NA
3409,NA
3410,NA
3411,NA
3412,NA
3413,NA
3414,NA
3415,NA
3416,NA
3417,NA
3418,NA
3419,NA
3420,NA
3421,NA
3422,NA
3423,NA
3424,NA
3425,NA
3426,NA
3427,NA
3428,NA
3429,NA
3430,NA
3431,NA
3432,NA
3433,NA
3434,NA
3435,NA
3436,NA
3437,NA
3438,NA
3439,NA
3440,NA
3441,NA
3442,NA
3443,NA
3444,NA
3445,NA
3446,NA
3447,NA
3448,NA
3449,NA
3450,NA
3451,NA
3452,NA
3453,NA
3454,NA
3455,NA
3456,NA
3457,NA
3458,NA
3459,NA
3460,NA
3461,NA
3462,NA
3463,NA
3464,NA
3465,NA
3466,NA
3467,NA
3468,NA
3469,NA
3470,NA
3471,NA
3472,NA
3473,NA
3474,NA
3475,NA
3476,NA
3477,NA
3478,NA
3479,NA
3480,NA
3481,NA
3482,NA
3483,NA
3484,NA
3485,NA
3486,NA
3487,NA
3488,NA
3489,NA
3490,NA
3491,NA
3492,NA
3493,NA
3494,NA
3495,NA
3496,NA
3497,NA
3498,NA
3499,NA
3500,NA
3501,NA
3502,NA
3503,NA
3504,NA
3505,NA
3506,NA
3507,NA
3508,NA
3509,NA
3510,NA
3511,NA
3512,NA
3513,NA
3514,NA
3515,NA
3516,NA
3517,NA
3518,NA
3519,NA
3520,NA
3521,NA
3522,NA
3523,NA
3524,NA
3525,NA
3526,NA
3527,NA
3528,NA
3529,NA
3530,NA
3531,NA
3532,NA
3533,NA
3534,NA
3535,NA
3536,NA
3537,NA
3538,NA
3539,NA
3540,NA
3541,NA
3542,NA
3543,NA
3544,NA
3545,NA
3546,NA
3547,NA
3548,NA
3549,NA
3550,NA
3551,NA
3552,NA
3553,NA
3554,NA
3555,NA
3556,NA
3557,NA
3558,NA
3559,NA
3560,NA
3561,NA
3562,NA
3563,NA
3564,NA
3565,NA
3566,NA
3567,NA
3568,NA
3569,NA
3570,NA
3571,NA
3572,NA
3573,NA
3574,NA
3575,NA
3576,NA
3577,NA
3578,NA
3579,NA
3580,NA
3581,NA
3582,NA
3583,NA
3584,NA
3585,NA
3586,NA
3587,NA
3588,NA
3589,NA
3590,NA
3591,NA
3592,NA
3593,NA
3594,NA
3595,NA
3596,NA
3597,NA
3598,NA
3599,NA
3600,NA
3601,NA
3602,NA
3603,NA
3604,NA
3605,NA
3606,NA
3607,NA
3608,NA
3609,NA
3610,NA
3611,NA
3612,NA
3613,NA
3614,NA
3615,NA
3616,NA
3617,NA
3618,NA
3619,NA
3620,NA
3621,NA
3622,NA
3623,NA
3624,NA
3625,NA
3626,NA
3627,NA
3628,NA
3629,NA
3630,NA
3631,NA
3632,NA
3633,NA
3634,NA
3635,NA
3636,NA
3637,NA
3638,NA
3639,NA
3640,NA
3641,NA
3642,NA
3643,NA
3644,NA
3645,NA
3646,NA
3647,NA
3648,NA
3649,NA
3650,NA
3651,NA
3652,NA
3653,NA
3654,NA
3655,NA
3656,NA
3657,NA
3658,NA
3659,NA
3660,NA
3661,NA
3662,NA
3663,NA
3664,NA
3665,NA
3666,NA
3667,NA
3668,NA
3669,NA
3670,NA
3671,NA
3672,NA
3673,NA
3674,NA
3675,NA
3676,NA
3677,NA
3678,NA
3679,NA
3680,NA
3681,NA
3682,NA
3683,NA
3684,NA
3685,NA
3686,NA
3687,NA
3688,NA
3689,NA
3690,NA
3691,NA
3692,NA
3693,NA
3694,NA
3695,NA
3696,NA
3697,NA
3698,NA
3699,NA
3700,NA
3701,NA
3702,NA
3703,NA
3704,NA
3705,NA
3706,NA
3707,NA
3708,NA
3709,NA
3710,NA
3711,NA
3712,NA
3713,NA
3714,NA
3715,NA
3716,NA
3717,NA
3718,NA
3719,NA
3720,NA
3721,NA
3722,NA
3723,NA
3724,NA
3725,NA
3726,NA
3727,NA
3728,NA
3729,NA
3730,NA
3731,NA
3732,NA
3733,NA
3734,NA
3735,NA
3736,NA
3737,NA
3738,NA
3739,NA
3740,NA
3741,NA
3742,NA
3743,NA
3744,NA
3745,NA
3746,NA
3747,NA
3748,NA
3749,NA
3750,NA
3751,NA
3752,NA
3753,NA
3754,NA
3755,NA
3756,NA
3757,NA
3758,NA
3759,NA
3760,NA
3761,NA
3762,NA
3763,NA
3764,NA
3765,NA
3766,NA
3767,NA
3768,NA
3769,NA
3770,NA
3771,NA
3772,NA
3773,NA
3774,NA
3775,NA
3776,NA
3777,NA
3778,NA
3779,NA
3780,NA
3781,NA
3782,NA
3783,NA
3784,NA
3785,NA
3786,NA
3787,NA
3788,NA
3789,NA
3790,NA
3791,NA
3792,NA
3793,NA
3794,NA
3795,NA
3796,NA
3797,NA
3798,NA
3799,NA
3800,NA
3801,NA
3802,NA
3803,NA
3804,NA
3805,NA
3806,NA
3807,NA
3808,NA
3809,NA
3810,NA
3811,NA
3812,NA
3813,NA
3814,NA
3815,NA
3816,NA
3817,NA
3818,NA
3819,NA
3820,NA
3821,NA
3822,NA
3823,NA
3824,NA
3825,NA
3826,NA
3827,NA
3828,NA
3829,NA
3830,NA
3831,NA
3832,NA
3833,NA
3834,NA
3835,NA
3836,NA
3837,NA
3838,NA
3839,NA
3840,NA
3841,NA
3842,NA
3843,NA
3844,NA
3845,NA
3846,NA
3847,NA
3848,NA
3849,NA
3850,NA
3851,NA
3852,NA
3853,NA
3854,NA
3855,NA
3856,NA
3857,NA
3858,NA
3859,NA
3860,NA
3861,NA
3862,NA
3863,NA
3864,NA
3865,NA
3866,NA
3867,NA
3868,NA
3869,NA
3870,NA
3871,NA
3872,NA
3873,NA
3874,NA
3875,NA
3876,NA
3877,NA
3878,NA
3879,NA
3880,NA
3881,NA
3882,NA
3883,NA
3884,NA
3885,NA
3886,NA
3887,NA
3888,NA
3889,NA
3890,NA
3891,NA
3892,NA
3893,NA
3894,NA
3895,NA
3896,NA
3897,NA
3898,NA
3899,NA
3900,NA
3901,NA
3902,NA
3903,NA
3904,NA
3905,NA
3906,NA
3907,NA
3908,NA
3909,NA
3910,NA
3911,NA
3912,NA
3913,NA
3914,NA
3915,NA
3916,NA
3917,NA
3918,NA
3919,NA
3920,NA
3921,NA
3922,NA
3923,NA
3924,NA
3925,NA
3926,NA
3927,NA
3928,NA
3929,NA
3930,NA
3931,NA
3932,NA
3933,NA
3934,NA
3935,NA
3936,NA
3937,NA
3938,NA
3939,NA
3940,NA
3941,NA
3942,NA
3943,NA
3944,NA
3945,NA
3946,NA
3947,NA
3948,NA
3949,NA
3950,NA
3951,NA
3952,NA
3953,NA
3954,NA
3955,NA
3956,NA
3957,NA
3958,NA
3959,NA
3960,NA
3961,NA
3962,NA
3963,NA
3964,NA
3965,NA
3966,NA
3967,NA
3968,NA
3969,NA
3970,NA
3971,NA
3972,NA
3973,NA
3974,NA
3975,NA
3976,NA
3977,NA
3978,NA
3979,NA
3980,NA
3981,NA
3982,NA
3983,NA
3984,NA
3985,NA
3986,NA
3987,NA
3988,NA
3989,NA
3990,NA
3991,NA
3992,NA
3993,NA
3994,NA
3995,NA
3996,NA
3997,NA
3998,NA
3999,NA
4000,NA
4001,NA
4002,NA
4003,NA
4004,NA
4005,NA
4006,NA
4007,NA
4008,NA
4009,NA
4010,NA
4011,NA
4012,NA
4013,NA
4014,NA
4015,NA
4016,NA
4017,NA
4018,NA
4019,NA
4020,NA
4021,NA
4022,NA
4023,NA
4024,NA
4025,NA
4026,NA
4027,NA
4028,NA
4029,NA
4030,NA
4031,NA
4032,NA
4033,NA
4034,NA
4035,NA
4036,NA
4037,NA
4038,NA
4039,NA
4040,NA
4041,NA
4042,NA
4043,NA
4044,NA
4045,NA
4046,NA
4047,NA
4048,NA
4049,NA
4050,NA
4051,NA
4052,NA
4053,NA
4054,NA
4055,NA
4056,NA
4057,NA
4058,NA
4059,NA
4060,NA
4061,NA
4062,NA
4063,NA
4064,NA
4065,NA
4066,NA
4067,NA
4068,NA
4069,NA
4070,NA
4071,NA
4072,NA
4073,NA
4074,NA
4075,NA
4076,NA
4077,NA
4078,NA
4079,NA
4080,NA
4081,NA
4082,NA
4083,NA
4084,NA
4085,NA
4086,NA
4087,NA
4088,NA
4089,NA
4090,NA
4091,NA
4092,NA
4093,NA
4094,NA
4095,NA
4096,NA
4097,NA
4098,NA
4099,NA
4100,NA
4101,NA
4102,NA
4103,NA
4104,NA
4105,NA
4106,NA
4107,NA
4108,NA
4109,NA
4110,NA
4111,NA
4112,NA
4113,NA
4114,NA
4115,NA
4116,NA
4117,NA
4118,NA
4119,NA
4120,NA
4121,NA
4122,NA
4123,NA
4124,NA
4125,NA
4126,NA
4127,NA
4128,NA
4129,NA
4130,NA
4131,NA
4132,NA
4133,NA
4134,NA
4135,NA
4136,NA
4137,NA
4138,NA
4139,NA
4140,NA
4141,NA
4142,NA
4143,NA
4144,NA
4145,NA
4146,NA
4147,NA
4148,NA
4149,NA
4150,NA
4151,NA
4152,NA
4153,NA
4154,NA
4155,NA
4156,NA
4157,NA
4158,NA
4159,NA
4160,NA
4161,NA
4162,NA
4163,NA
4164,NA
4165,NA
4166,NA
4167,NA
4168,NA
4169,NA
4170,NA
4171,NA
4172,NA
4173,NA
4174,NA
4175,NA
4176,NA
4177,NA
4178,NA
4179,NA
4180,NA
4181,NA
4182,NA
4183,NA
4184,NA
4185,NA
4186,NA
4187,NA
4188,NA
4189,NA
4190,NA
4191,NA
4192,NA
4193,NA
4194,NA
4195,NA
4196,NA
4197,NA
4198,NA
4199,NA
4200,NA
4201,NA
4202,NA
4203,NA
4204,NA
4205,NA
4206,NA
4207,NA
4208,NA
4209,NA
4210,NA
4211,NA
4212,NA
4213,NA
4214,NA
4215,NA
4216,NA
4217,NA
4218,NA
4219,NA
4220,NA
4221,NA
4222,NA
4223,NA
4224,NA
4225,NA
4226,NA
4227,NA
4228,NA
4229,NA
4230,NA
4231,NA
4232,NA
4233,NA
4234,NA
4235,NA
4236,NA
4237,NA
4238,NA
4239,NA
4240,NA
4241,NA
4242,NA
4243,NA
4244,NA
4245,NA
4246,NA
4247,NA
4248,NA
4249,NA
4250,NA
4251,NA
4252,NA
4253,NA
4254,NA
4255,NA
4256,NA
4257,NA
4258,NA
4259,NA
4260,NA
4261,NA
4262,NA
4263,NA
4264,NA
4265,NA
4266,NA
4267,NA
4268,NA
4269,NA
4270,NA
4271,NA
4272,NA
4273,NA
4274,NA
4275,NA
4276,NA
4277,NA
4278,NA
4279,NA
4280,NA
4281,NA
4282,NA
4283,NA
4284,NA
4285,NA
4286,NA
4287,NA
4288,NA
4289,NA
4290,NA
4291,NA
4292,NA
4293,NA
4294,NA
4295,NA
4296,NA
4297,NA
4298,NA
4299,NA
4300,NA
4301,NA
4302,NA
4303,NA
4304,NA
4305,NA
4306,NA
4307,NA
4308,NA
4309,NA
4310,NA
4311,NA
4312,NA
4313,NA
4314,NA
4315,NA
4316,NA
4317,NA
4318,NA
4319,NA
4320,NA
4321,NA
4322,NA
4323,NA
4324,NA
4325,NA
4326,NA
4327,NA
4328,NA
4329,NA
4330,NA
4331,NA
4332,NA
4333,NA
4334,NA
4335,NA
4336,NA
4337,NA
4338,NA
4339,NA
4340,NA
4341,NA
4342,NA
4343,NA
4344,NA
4345,NA
4346,NA
4347,NA
4348,NA
4349,NA
4350,NA
4351,NA
4352,NA
4353,NA
4354,NA
4355,NA
4356,NA
4357,NA
4358,NA
4359,NA
4360,NA
4361,NA
4362,NA
4363,NA
4364,NA
4365,NA
4366,NA
4367,NA
4368,NA
4369,NA
4370,NA
4371,NA
4372,NA
4373,NA
4374,NA
4375,NA
4376,NA
4377,NA
4378,NA
4379,NA
4380,NA
4381,NA
4382,NA
4383,NA
4384,NA
4385,NA
4386,NA
4387,NA
4388,NA
4389,NA
4390,NA
4391,NA
4392,NA
4393,NA
4394,NA
4395,NA
4396,NA
4397,NA
4398,NA
4399,NA
4400,NA
4401,NA
4402,NA
4403,NA
4404,NA
4405,NA
4406,NA
4407,NA
4408,NA
4409,NA
4410,NA
4411,NA
4412,NA
4413,NA
4414,NA
4415,NA
4416,NA
4417,NA
4418,NA
4419,NA
4420,NA
4421,NA
4422,NA
4423,NA
4424,NA
4425,NA
4426,NA
4427,NA
4428,NA
4429,NA
4430,NA
4431,NA
4432,NA
4433,NA
4434,NA
4435,NA
4436,NA
4437,NA
4438,NA
4439,NA
4440,NA
4441,NA
4442,NA
4443,NA
4444,NA
4445,NA
4446,NA
4447,NA
4448,NA
4449,NA
4450,NA
4451,NA
4452,NA
4453,NA
4454,NA
4455,NA
4456,NA
4457,NA
4458,NA
4459,NA
4460,NA
4461,NA
4462,NA
4463,NA
4464,NA
4465,NA
4466,NA
4467,NA
4468,NA
4469,NA
4470,NA
4471,NA
4472,NA
4473,NA
4474,NA
4475,NA
4476,NA
4477,NA
4478,NA
4479,NA
4480,NA
4481,NA
4482,NA
4483,NA
4484,NA
4485,NA
4486,NA
4487,NA
4488,NA
4489,NA
4490,NA
4491,NA
4492,NA
4493,NA
4494,NA
4495,NA
4496,NA
4497,NA
4498,NA
4499,NA
4500,NA
4501,NA
4502,NA
4503,NA
4504,NA
4505,NA
4506,NA
4507,NA
4508,NA
4509,NA
4510,NA
4511,NA
4512,NA
4513,NA
4514,NA
4515,NA
4516,NA
4517,NA
4518,NA
4519,NA
4520,NA
4521,NA
4522,NA
4523,NA
4524,NA
4525,NA
4526,NA
4527,NA
4528,NA
4529,NA
4530,NA
4531,NA
4532,NA
4533,NA
4534,NA
4535,NA
4536,NA
4537,NA
4538,NA
4539,NA
4540,NA
4541,NA
4542,NA
4543,NA
4544,NA
4545,NA
4546,NA
4547,NA
4548,NA
4549,NA
4550,NA
4551,NA
4552,NA
4553,NA
4554,NA
4555,NA
4556,NA
4557,NA
4558,NA
4559,NA
4560,NA
4561,NA
4562,NA
4563,NA
4564,NA
4565,NA
4566,NA
4567,NA
4568,NA
4569,NA
4570,NA
4571,NA
4572,NA
4573,NA
4574,NA
4575,NA
4576,NA
4577,NA
4578,NA
4579,NA
4580,NA
4581,NA
4582,NA
4583,NA
4584,NA
4585,NA
4586,NA
4587,NA
4588,NA
4589,NA
4590,NA
4591,NA
4592,NA
4593,NA
4594,NA
4595,NA
4596,NA
4597,NA
4598,NA
4599,NA
4600,NA
4601,NA
4602,NA
4603,NA
4604,NA
4605,NA
4606,NA
4607,NA
4608,NA
4609,NA
4610,NA
4611,NA
4612,NA
4613,NA
4614,NA
4615,NA
4616,NA
4617,NA
4618,NA
4619,NA
4620,NA
4621,NA
4622,NA
4623,NA
4624,NA
4625,NA
4626,NA
4627,NA
4628,NA
4629,NA
4630,NA
4631,NA
4632,NA
4633,NA
4634,NA
4635,NA
4636,NA
4637,NA
4638,NA
4639,NA
4640,NA
4641,NA
4642,NA
4643,NA
4644,NA
4645,NA
4646,NA
4647,NA
4648,NA
4649,NA
4650,NA
4651,NA
4652,NA
4653,NA
4654,NA
4655,NA
4656,NA
4657,NA
4658,NA
4659,NA
4660,NA
4661,NA
4662,NA
4663,NA
4664,NA
4665,NA
4666,NA
4667,NA
4668,NA
4669,NA
4670,NA
4671,NA
4672,NA
4673,NA
4674,NA
4675,NA
4676,NA
4677,NA
4678,NA
4679,NA
4680,NA
4681,NA
4682,NA
4683,NA
4684,NA
4685,NA
4686,NA
4687,NA
4688,NA
4689,NA
4690,NA
4691,NA
4692,NA
4693,NA
4694,NA
4695,NA
4696,NA
4697,NA
4698,NA
4699,NA
4700,NA
4701,NA
4702,NA
4703,NA
4704,NA
4705,NA
4706,NA
4707,NA
4708,NA
4709,NA
4710,NA
4711,NA
4712,NA
4713,NA
4714,NA
4715,NA
4716,NA
4717,NA
4718,NA
4719,NA
4720,NA
4721,NA
4722,NA
4723,NA
4724,NA
4725,NA
4726,NA
4727,NA
4728,NA
4729,NA
4730,NA
4731,NA
4732,NA
4733,NA
4734,NA
4735,NA
4736,NA
4737,NA
4738,NA
4739,NA
4740,NA
4741,NA
4742,NA
4743,NA
4744,NA
4745,NA
4746,NA
4747,NA
4748,NA
4749,NA
4750,NA
4751,NA
4752,NA
4753,NA
4754,NA
4755,NA
4756,NA
4757,NA
4758,NA
4759,NA
4760,NA
4761,NA
4762,NA
4763,NA
4764,NA
4765,NA
4766,NA
4767,NA
4768,NA
4769,NA
4770,NA
4771,NA
4772,NA
4773,NA
4774,NA
4775,NA
4776,NA
4777,NA
4778,NA
4779,NA
4780,NA
4781,NA
4782,NA
4783,NA
4784,NA
4785,NA
4786,NA
4787,NA
4788,NA
4789,NA
4790,NA
4791,NA
4792,NA
4793,NA
4794,NA
4795,NA
4796,NA
4797,NA
4798,NA
4799,NA
4800,NA
4801,NA
4802,NA
4803,NA
4804,NA
4805,NA
4806,NA
4807,NA
4808,NA
4809,NA
4810,NA
4811,NA
4812,NA
4813,NA
4814,NA
4815,NA
4816,NA
4817,NA
4818,NA
4819,NA
4820,NA
4821,NA
4822,NA
4823,NA
4824,NA
4825,NA
4826,NA
4827,NA
4828,NA
4829,NA
4830,NA
4831,NA
4832,NA
4833,NA
4834,NA
4835,NA
4836,NA
4837,NA
4838,NA
4839,NA
4840,NA
4841,NA
4842,NA
4843,NA
4844,NA
4845,NA
4846,NA
4847,NA
4848,NA
4849,NA
4850,NA
4851,NA
4852,NA
4853,NA
4854,NA
4855,NA
4856,NA
4857,NA
4858,NA
4859,NA
4860,NA
4861,NA
4862,NA
4863,NA
4864,NA
4865,NA
4866,NA
4867,NA
4868,NA
4869,NA
4870,NA
4871,NA
4872,NA
4873,NA
4874,NA
4875,NA
4876,NA
4877,NA
4878,NA
4879,NA
4880,NA
4881,NA
4882,NA
4883,NA
4884,NA
4885,NA
4886,NA
4887,NA
4888,NA
4889,NA
4890,NA
4891,NA
4892,NA
4893,NA
4894,NA
4895,NA
4896,NA
4897,NA
4898,NA
4899,NA
4900,NA
4901,NA
4902,NA
4903,NA
4904,NA
4905,NA
4906,NA
4907,NA
4908,NA
4909,NA
4910,NA
4911,NA
4912,NA
4913,NA
4914,NA
4915,NA
4916,NA
4917,NA
4918,NA
4919,NA
4920,NA
4921,NA
4922,NA
4923,NA
4924,NA
4925,NA
4926,NA
4927,NA
4928,NA
4929,NA
4930,NA
4931,NA
4932,NA
4933,NA
4934,NA
4935,NA
4936,NA
4937,NA
4938,NA
4939,NA
4940,NA
4941,NA
4942,NA
4943,NA
4944,NA
4945,NA
4946,NA
4947,NA
4948,NA
4949,NA
4950,NA
4951,NA
4952,NA
4953,NA
4954,NA
4955,NA
4956,NA
4957,NA
4958,NA
4959,NA
4960,NA
4961,NA
4962,NA
4963,NA
4964,NA
4965,NA
4966,NA
4967,NA
4968,NA
4969,NA
4970,NA
4971,NA
4972,NA
4973,NA
4974,NA
4975,NA
4976,NA
4977,NA
4978,NA
4979,NA
4980,NA
4981,NA
4982,NA
4983,NA
4984,NA
4985,NA
4986,NA
4987,NA
4988,NA
4989,NA
4990,NA
4991,NA
4992,NA
4993,NA
4994,NA
4995,NA
4996,NA
4997,NA
4998,NA
4999,NA
5000,NA
5001,NA
5002,NA
5003,NA
5004,NA
5005,NA
5006,NA
5007,NA
5008,NA
5009,NA
5010,NA
5011,NA
5012,NA
5013,NA
5014,NA
5015,NA
5016,NA
5017,NA
5018,NA
5019,NA
5020,NA
5021,NA
5022,NA
5023,NA
5024,NA
5025,NA
5026,NA
5027,NA
5028,NA
5029,NA
5030,NA
5031,NA
5032,NA
5033,NA
5034,NA
5035,NA
5036,NA
5037,NA
5038,NA
5039,NA
5040,NA
5041,NA
5042,NA
5043,NA
5044,NA
5045,NA
5046,NA
5047,NA
5048,NA
5049,NA
5050,NA
5051,NA
5052,NA
5053,NA
5054,NA
5055,NA
5056,NA
5057,NA
5058,NA
5059,NA
5060,NA
5061,NA
5062,NA
5063,NA
5064,NA
5065,NA
5066,NA
5067,NA
5068,NA
5069,NA
5070,NA
5071,NA
5072,NA
5073,NA
5074,NA
5075,NA
5076,NA
5077,NA
5078,NA
5079,NA
5080,NA
5081,NA
5082,NA
5083,NA
5084,NA
5085,NA
5086,NA
5087,NA
5088,NA
5089,NA
5090,NA
5091,NA
5092,NA
5093,NA
5094,NA
5095,NA
5096,NA
5097,NA
5098,NA
5099,NA
5100,NA
5101,NA
5102,NA
5103,NA
5104,NA
5105,NA
5106,NA
5107,NA
5108,NA
5109,NA
5110,NA
5111,NA
5112,NA
5113,NA
5114,NA
5115,NA
5116,NA
5117,NA
5118,NA
5119,NA
5120,NA
5121,NA
5122,NA
5123,NA
5124,NA
5125,NA
5126,NA
5127,NA
5128,NA
5129,NA
5130,NA
5131,NA
5132,NA
5133,NA
5134,NA
5135,NA
5136,NA
5137,NA
5138,NA
5139,NA
5140,NA
5141,NA
5142,NA
5143,NA
5144,NA
5145,NA
5146,NA
5147,NA
5148,NA
5149,NA
5150,NA
5151,NA
5152,NA
5153,NA
5154,NA
5155,NA
5156,NA
5157,NA
5158,NA
5159,NA
5160,NA
5161,NA
5162,NA
5163,NA
5164,NA
5165,NA
5166,NA
5167,NA
5168,NA
5169,NA
5170,NA
5171,NA
5172,NA
5173,NA
5174,NA
5175,NA
5176,NA
5177,NA
5178,NA
5179,NA
5180,NA
5181,NA
5182,NA
5183,NA
5184,NA
5185,NA
5186,NA
5187,NA
5188,NA
5189,NA
5190,NA
5191,NA
5192,NA
5193,NA
5194,NA
5195,NA
5196,NA
5197,NA
5198,NA
5199,NA
5200,NA
5201,NA
5202,NA
5203,NA
5204,NA
5205,NA
5206,NA
5207,NA
5208,NA
5209,NA
5210,NA
5211,NA
5212,NA
5213,NA
5214,NA
5215,NA
5216,NA
5217,NA
5218,NA
5219,NA
5220,NA
5221,NA
5222,NA
5223,NA
5224,NA
5225,NA
5226,NA
5227,NA
5228,NA
5229,NA
5230,NA
5231,NA
5232,NA
5233,NA
5234,NA
5235,NA
5236,NA
5237,NA
5238,NA
5239,NA
5240,NA
5241,NA
5242,NA
5243,NA
5244,NA
5245,NA
5246,NA
5247,NA
5248,NA
5249,NA
5250,NA
5251,NA
5252,NA
5253,NA
5254,NA
5255,NA
5256,NA
5257,NA
5258,NA
5259,NA
5260,NA
5261,NA
5262,NA
5263,NA
5264,NA
5265,NA
5266,NA
5267,NA
5268,NA
5269,NA
5270,NA
5271,NA
5272,NA
5273,NA
5274,NA
5275,NA
5276,NA
5277,NA
5278,NA
5279,NA
5280,NA
5281,NA
5282,NA
5283,NA
5284,NA
5285,NA
5286,NA
5287,NA
5288,NA
5289,NA
5290,NA
5291,NA
5292,NA
5293,NA
5294,NA
5295,NA
5296,NA
5297,NA
5298,NA
5299,NA
5300,NA
5301,NA
5302,NA
5303,NA
5304,NA
5305,NA
5306,NA
5307,NA
5308,NA
5309,NA
5310,NA
5311,NA
5312,NA
5313,NA
5314,NA
5315,NA
5316,NA
5317,NA
5318,NA
5319,NA
5320,NA
5321,NA
5322,NA
5323,NA
5324,NA
5325,NA
5326,NA
5327,NA
5328,NA
5329,NA
5330,NA
5331,NA
5332,NA
5333,NA
5334,NA
5335,NA
5336,NA
5337,NA
5338,NA
5339,NA
5340,NA
5341,NA
5342,NA
5343,NA
5344,NA
5345,NA
5346,NA
5347,NA
5348,NA
5349,NA
5350,NA
5351,NA
5352,NA
5353,NA
5354,NA
5355,NA
5356,NA
5357,NA
5358,NA
5359,NA
5360,NA
5361,NA
5362,NA
5363,NA
5364,NA
5365,NA
5366,NA
5367,NA
5368,NA
5369,NA
5370,NA
5371,NA
5372,NA
5373,NA
5374,NA
5375,NA
5376,NA
5377,NA
5378,NA
5379,NA
5380,NA
5381,NA
5382,NA
5383,NA
5384,NA
5385,NA
5386,NA
5387,NA
5388,NA
5389,NA
5390,NA
5391,NA
5392,NA
5393,NA
5394,NA
5395,NA
5396,NA
5397,NA
5398,NA
5399,NA
5400,NA
5401,NA
5402,NA
5403,NA
5404,NA
5405,NA
5406,NA
5407,NA
5408,NA
5409,NA
5410,NA
5411,NA
5412,NA
5413,NA
5414,NA
5415,NA
5416,NA
5417,NA
5418,NA
5419,NA
5420,NA
5421,NA
5422,NA
5423,NA
5424,NA
5425,NA
5426,NA
5427,NA
5428,NA
5429,NA
5430,NA
5431,NA
5432,NA
5433,NA
5434,NA
5435,NA
5436,NA
5437,NA
5438,NA
5439,NA
5440,NA
5441,NA
5442,NA
5443,NA
5444,NA
5445,NA
5446,NA
5447,NA
5448,NA
5449,NA
5450,NA
5451,NA
5452,NA
5453,NA
5454,NA
5455,NA
5456,NA
5457,NA
5458,NA
5459,NA
5460,NA
5461,NA
5462,NA
5463,NA
5464,NA
5465,NA
5466,NA
5467,NA
5468,NA
5469,NA
5470,NA
5471,NA
5472,NA
5473,NA
5474,NA
5475,NA
5476,NA
5477,NA
5478,NA
5479,NA
5480,NA
5481,NA
5482,NA
5483,NA
5484,NA
5485,NA
5486,NA
5487,NA
5488,NA
5489,NA
5490,NA
5491,NA
5492,NA
5493,NA
5494,NA
5495,NA
5496,NA
5497,NA
5498,NA
5499,NA
5500,NA
5501,NA
5502,NA
5503,NA
5504,NA
5505,NA
5506,NA
5507,NA
5508,NA
5509,NA
5510,NA
5511,NA
5512,NA
5513,NA
5514,NA
5515,NA
5516,NA
5517,NA
5518,NA
5519,NA
5520,NA
5521,NA
5522,NA
5523,NA
5524,NA
5525,NA
5526,NA
5527,NA
5528,NA
5529,NA
5530,NA
5531,NA
5532,NA
5533,NA
5534,NA
5535,NA
5536,NA
5537,NA
5538,NA
5539,NA
5540,NA
5541,NA
5542,NA
5543,NA
5544,NA
5545,NA
5546,NA
5547,NA
5548,NA
5549,NA
5550,NA
5551,NA
5552,NA
5553,NA
5554,NA
5555,NA
5556,NA
5557,NA
5558,NA
5559,NA
5560,NA
5561,NA
5562,NA
5563,NA
5564,NA
5565,NA
5566,NA
5567,NA
5568,NA
5569,NA
5570,NA
5571,NA
5572,NA
5573,NA
5574,NA
5575,NA
5576,NA
5577,NA
5578,NA
5579,NA
5580,NA
5581,NA
5582,NA
5583,NA
5584,NA
5585,NA
5586,NA
5587,NA
5588,NA
5589,NA
5590,NA
5591,NA
5592,NA
5593,NA
5594,NA
5595,NA
5596,NA
5597,NA
5598,NA
5599,NA
5600,NA
5601,NA
5602,NA
5603,NA
5604,NA
5605,NA
5606,NA
5607,NA
5608,NA
5609,NA
5610,NA
5611,NA
5612,NA
5613,NA
5614,NA
5615,NA
5616,NA
5617,NA
5618,NA
5619,NA
5620,NA
5621,NA
5622,NA
5623,NA
5624,NA
5625,NA
5626,NA
5627,NA
5628,NA
5629,NA
5630,NA
5631,NA
5632,NA
5633,NA
5634,NA
5635,NA
5636,NA
5637,NA
5638,NA
5639,NA
5640,NA
5641,NA
5642,NA
5643,NA
5644,NA
5645,NA
5646,NA
5647,NA
5648,NA
5649,NA
5650,NA
5651,NA
5652,NA
5653,NA
5654,NA
5655,NA
5656,NA
5657,NA
5658,NA
5659,NA
5660,NA
5661,NA
5662,NA
5663,NA
5664,NA
5665,NA
5666,NA
5667,NA
5668,NA
5669,NA
5670,NA
5671,NA
5672,NA
5673,NA
5674,NA
5675,NA
5676,NA
5677,NA
5678,NA
5679,NA
5680,NA
5681,NA
5682,NA
5683,NA
5684,NA
5685,NA
5686,NA
5687,NA
5688,NA
5689,NA
5690,NA
5691,NA
5692,NA
5693,NA
5694,NA
5695,NA
5696,NA
5697,NA
5698,NA
5699,NA
5700,NA
5701,NA
5702,NA
5703,NA
5704,NA
5705,NA
5706,NA
5707,NA
5708,NA
5709,NA
5710,NA
5711,NA
5712,NA
5713,NA
5714,NA
5715,NA
5716,NA
5717,NA
5718,NA
5719,NA
5720,NA
5721,NA
5722,NA
5723,NA
5724,NA
5725,NA
5726,NA
5727,NA
5728,NA
5729,NA
5730,NA
5731,NA
5732,NA
5733,NA
5734,NA
5735,NA
5736,NA
5737,NA
5738,NA
5739,NA
5740,NA
5741,NA
5742,NA
5743,NA
5744,NA
5745,NA
5746,NA
5747,NA
5748,NA
5749,NA
5750,NA
5751,NA
5752,NA
5753,NA
5754,NA
5755,NA
5756,NA
5757,NA
5758,NA
5759,NA
5760,NA
5761,NA
5762,NA
5763,NA
5764,NA
5765,NA
5766,NA
5767,NA
5768,NA
5769,NA
5770,NA
5771,NA
5772,NA
5773,NA
5774,NA
5775,NA
5776,NA
5777,NA
5778,NA
5779,NA
5780,NA
5781,NA
5782,NA
5783,NA
5784,NA
5785,NA
5786,NA
5787,NA
5788,NA
5789,NA
5790,NA
5791,NA
5792,NA
5793,NA
5794,NA
5795,NA
5796,NA
5797,NA
5798,NA
5799,NA
5800,NA
5801,NA
5802,NA
5803,NA
5804,NA
5805,NA
5806,NA
5807,NA
5808,NA
5809,NA
5810,NA
5811,NA
5812,NA
5813,NA
5814,NA
5815,NA
5816,NA
5817,NA
5818,NA
5819,NA
5820,NA
5821,NA
5822,NA
5823,NA
5824,NA
5825,NA
5826,NA
5827,NA
5828,NA
5829,NA
5830,NA
5831,NA
5832,NA
5833,NA
5834,NA
5835,NA
5836,NA
5837,NA
5838,NA
5839,NA
5840,NA
5841,NA
5842,NA
5843,NA
5844,NA
5845,NA
5846,NA
5847,NA
5848,NA
5849,NA
5850,NA
5851,NA
5852,NA
5853,NA
5854,NA
5855,NA
5856,NA
5857,NA
5858,NA
5859,NA
5860,NA
5861,NA
5862,NA
5863,NA
5864,NA
5865,NA
5866,NA
5867,NA
5868,NA
5869,NA
5870,NA
5871,NA
5872,NA
5873,NA
5874,NA
5875,NA
5876,NA
5877,NA
5878,NA
5879,NA
5880,NA
5881,NA
5882,NA
5883,NA
5884,NA
5885,NA
5886,NA
5887,NA
5888,NA
5889,NA
5890,NA
5891,NA
5892,NA
5893,NA
5894,NA
5895,NA
5896,NA
5897,NA
5898,NA
5899,NA
5900,NA
5901,NA
5902,NA
5903,NA
5904,NA
5905,NA
5906,NA
5907,NA
5908,NA
5909,NA
5910,NA
5911,NA
5912,NA
5913,NA
5914,NA
5915,NA
5916,NA
5917,NA
5918,NA
5919,NA
5920,NA
5921,NA
5922,NA
5923,NA
5924,NA
5925,NA
5926,NA
5927,NA
5928,NA
5929,NA
5930,NA
5931,NA
5932,NA
5933,NA
5934,NA
5935,NA
5936,NA
5937,NA
5938,NA
5939,NA
5940,NA
5941,NA
5942,NA
5943,NA
5944,NA
5945,NA
5946,NA
5947,NA
5948,NA
5949,NA
5950,NA
5951,NA
5952,NA
5953,NA
5954,NA
5955,NA
5956,NA
5957,NA
5958,NA
5959,NA
5960,NA
5961,NA
5962,NA
5963,NA
5964,NA
5965,NA
5966,NA
5967,NA
5968,NA
5969,NA
5970,NA
5971,NA
5972,NA
5973,NA
5974,NA
5975,NA
5976,NA
5977,NA
5978,NA
5979,NA
5980,NA
5981,NA
5982,NA
5983,NA
5984,NA
5985,NA
5986,NA
5987,NA
5988,NA
5989,NA
5990,NA
5991,NA
5992,NA
5993,NA
5994,NA
5995,NA
5996,NA
5997,NA
5998,NA
5999,NA
6000,NA
6001,NA
6002,NA
6003,NA
6004,NA
6005,NA
6006,NA
6007,NA
6008,NA
6009,NA
6010,NA
6011,NA
6012,NA
6013,NA
6014,NA
6015,NA
6016,NA
6017,NA
6018,NA
6019,NA
6020,NA
6021,NA
6022,NA
6023,NA
6024,NA
6025,NA
6026,NA
6027,NA
6028,NA
6029,NA
6030,NA
6031,NA
6032,NA
6033,NA
6034,NA
6035,NA
6036,NA
6037,NA
6038,NA
6039,NA
6040,NA
6041,NA
6042,NA
6043,NA
6044,NA
6045,NA
6046,NA
6047,NA
6048,NA
6049,NA
6050,NA
6051,NA
6052,NA
6053,NA
6054,NA
6055,NA
6056,NA
6057,NA
6058,NA
6059,NA
6060,NA
6061,NA
6062,NA
6063,NA
6064,NA
6065,NA
6066,NA
6067,NA
6068,NA
6069,NA
6070,NA
6071,NA
6072,NA
6073,NA
6074,NA
6075,NA
6076,NA
6077,NA
6078,NA
6079,NA
6080,NA
6081,NA
6082,NA
6083,NA
6084,NA
6085,NA
6086,NA
6087,NA
6088,NA
6089,NA
6090,NA
6091,NA
6092,NA
6093,NA
6094,NA
6095,NA
6096,NA
6097,NA
6098,NA
6099,NA
6100,NA
6101,NA
6102,NA
6103,NA
6104,NA
6105,NA
6106,NA
6107,NA
6108,NA
6109,NA
6110,NA
6111,NA
6112,NA
6113,NA
6114,NA
6115,NA
6116,NA
6117,NA
6118,NA
6119,NA
6120,NA
6121,NA
6122,NA
6123,NA
6124,NA
6125,NA
6126,NA
6127,NA
6128,NA
6129,NA
6130,NA
6131,NA
6132,NA
6133,NA
6134,NA
6135,NA
6136,NA
6137,NA
6138,NA
6139,NA
6140,NA
6141,NA
6142,NA
6143,NA
6144,NA
6145,NA
6146,NA
6147,NA
6148,NA
6149,NA
6150,NA
6151,NA
6152,NA
6153,NA
6154,NA
6155,NA
6156,NA
6157,NA
6158,NA
6159,NA
6160,NA
6161,NA
6162,NA
6163,NA
6164,NA
6165,NA
6166,NA
6167,NA
6168,NA
6169,NA
6170,NA
6171,NA
6172,NA
6173,NA
6174,NA
6175,NA
6176,NA
6177,NA
6178,NA
6179,NA
6180,NA
6181,NA
6182,NA
6183,NA
6184,NA
6185,NA
6186,NA
6187,NA
6188,NA
6189,NA
6190,NA
6191,NA
6192,NA
6193,NA
6194,NA
6195,NA
6196,NA
6197,NA
6198,NA
6199,NA
6200,NA
6201,NA
6202,NA
6203,NA
6204,NA
6205,NA
6206,NA
6207,NA
6208,NA
6209,NA
6210,NA
6211,NA
6212,NA
6213,NA
6214,NA
6215,NA
6216,NA
6217,NA
6218,NA
6219,NA
6220,NA
6221,NA
6222,NA
6223,NA
6224,NA
6225,NA
6226,NA
6227,NA
6228,NA
6229,NA
6230,NA
6231,NA
6232,NA
6233,NA
6234,NA
6235,NA
6236,NA
6237,NA
6238,NA
6239,NA
6240,NA
6241,NA
6242,NA
6243,NA
6244,NA
6245,NA
6246,NA
6247,NA
6248,NA
6249,NA
6250,NA
6251,NA
6252,NA
6253,NA
6254,NA
6255,NA
6256,NA
6257,NA
6258,NA
6259,NA
6260,NA
6261,NA
6262,NA
6263,NA
6264,NA
6265,NA
6266,NA
6267,NA
6268,NA
6269,NA
6270,NA
6271,NA
6272,NA
6273,NA
6274,NA
6275,NA
6276,NA
6277,NA
6278,NA
6279,NA
6280,NA
6281,NA
6282,NA
6283,NA
6284,NA
6285,NA
6286,NA
6287,NA
6288,NA
6289,NA
6290,NA
6291,NA
6292,NA
6293,NA
6294,NA
6295,NA
6296,NA
6297,NA
6298,NA
6299,NA
6300,NA
6301,NA
6302,NA
6303,NA
6304,NA
6305,NA
6306,NA
6307,NA
6308,NA
6309,NA
6310,NA
6311,NA
6312,NA
6313,NA
6314,NA
6315,NA
6316,NA
6317,NA
6318,NA
6319,NA
6320,NA
6321,NA
6322,NA
6323,NA
6324,NA
6325,NA
6326,NA
6327,NA
6328,NA
6329,NA
6330,NA
6331,NA
6332,NA
6333,NA
6334,NA
6335,NA
6336,NA
6337,NA
6338,NA
6339,NA
6340,NA
6341,NA
6342,NA
6343,NA
6344,NA
6345,NA
6346,NA
6347,NA
6348,NA
6349,NA
6350,NA
6351,NA
6352,NA
6353,NA
6354,NA
6355,NA
6356,NA
6357,NA
6358,NA
6359,NA
6360,NA
6361,NA
6362,NA
6363,NA
6364,NA
6365,NA
6366,NA
6367,NA
6368,NA
6369,NA
6370,NA
6371,NA
6372,NA
6373,NA
6374,NA
6375,NA
6376,NA
6377,NA
6378,NA
6379,NA
6380,NA
6381,NA
6382,NA
6383,NA
6384,NA
6385,NA
6386,NA
6387,NA
6388,NA
6389,NA
6390,NA
6391,NA
6392,NA
6393,NA
6394,NA
6395,NA
6396,NA
6397,NA
6398,NA
6399,NA
6400,NA
6401,NA
6402,NA
6403,NA
6404,NA
6405,NA
6406,NA
6407,NA
6408,NA
6409,NA
6410,NA
6411,NA
6412,NA
6413,NA
6414,NA
6415,NA
6416,NA
6417,NA
6418,NA
6419,NA
6420,NA
6421,NA
6422,NA
6423,NA
6424,NA
6425,NA
6426,NA
6427,NA
6428,NA
6429,NA
6430,NA
6431,NA
6432,NA
6433,NA
6434,NA
6435,NA
6436,NA
6437,NA
6438,NA
6439,NA
6440,NA
6441,NA
6442,NA
6443,NA
6444,NA
6445,NA
6446,NA
6447,NA
6448,NA
6449,NA
6450,NA
6451,NA
6452,NA
6453,NA
6454,NA
6455,NA
6456,NA
6457,NA
6458,NA
6459,NA
6460,NA
6461,NA
6462,NA
6463,NA
6464,NA
6465,NA
6466,NA
6467,NA
6468,NA
6469,NA
6470,NA
6471,NA
6472,NA
6473,NA
6474,NA
6475,NA
6476,NA
6477,NA
6478,NA
6479,NA
6480,NA
6481,NA
6482,NA
6483,NA
6484,NA
6485,NA
6486,NA
6487,NA
6488,NA
6489,NA
6490,NA
6491,NA
6492,NA
6493,NA
6494,NA
6495,NA
6496,NA
6497,NA
6498,NA
6499,NA
6500,NA
6501,NA
6502,NA
6503,NA
6504,NA
6505,NA
6506,NA
6507,NA
6508,NA
6509,NA
6510,NA
6511,NA
6512,NA
6513,NA
6514,NA
6515,NA
6516,NA
6517,NA
6518,NA
6519,NA
6520,NA
6521,NA
6522,NA
6523,NA
6524,NA
6525,NA
6526,NA
6527,NA
6528,NA
6529,NA
6530,NA
6531,NA
6532,NA
6533,NA
6534,NA
6535,NA
6536,NA
6537,NA
6538,NA
6539,NA
6540,NA
6541,NA
6542,NA
6543,NA
6544,NA
6545,NA
6546,NA
6547,NA
6548,NA
6549,NA
6550,NA
6551,NA
6552,NA
6553,NA
6554,NA
6555,NA
6556,NA
6557,NA
6558,NA
6559,NA
6560,NA
6561,NA
6562,NA
6563,NA
6564,NA
6565,NA
6566,NA
6567,NA
6568,NA
6569,NA
6570,NA
6571,NA
6572,NA
6573,NA
6574,NA
6575,NA
6576,NA
6577,NA
6578,NA
6579,NA
6580,NA
6581,NA
6582,NA
6583,NA
6584,NA
6585,NA
6586,NA
6587,NA
6588,NA
6589,NA
6590,NA
6591,NA
6592,NA
6593,NA
6594,NA
6595,NA
6596,NA
6597,NA
6598,NA
6599,NA
6600,NA
6601,NA
6602,NA
6603,NA
6604,NA
6605,NA
6606,NA
6607,NA
6608,NA
6609,NA
6610,NA
6611,NA
6612,NA
6613,NA
6614,NA
6615,NA
6616,NA
6617,NA
6618,NA
6619,NA
6620,NA
6621,NA
6622,NA
6623,NA
6624,NA
6625,NA
6626,NA
6627,NA
6628,NA
6629,NA
6630,NA
6631,NA
6632,NA
6633,NA
6634,NA
6635,NA
6636,NA
6637,NA
6638,NA
6639,NA
6640,NA
6641,NA
6642,NA
6643,NA
6644,NA
6645,NA
6646,NA
6647,NA
6648,NA
6649,NA
6650,NA
6651,NA
6652,NA
6653,NA
6654,NA
6655,NA
6656,NA
6657,NA
6658,NA
6659,NA
6660,NA
6661,NA
6662,NA
6663,NA
6664,NA
6665,NA
6666,NA
6667,NA
6668,NA
6669,NA
6670,NA
6671,NA
6672,NA
6673,NA
6674,NA
6675,NA
6676,NA
6677,NA
6678,NA
6679,NA
6680,NA
6681,NA
6682,NA
6683,NA
6684,NA
6685,NA
6686,NA
6687,NA
6688,NA
6689,NA
6690,NA
6691,NA
6692,NA
6693,NA
6694,NA
6695,NA
6696,NA
6697,NA
6698,NA
6699,NA
6700,NA
6701,NA
6702,NA
6703,NA
6704,NA
6705,NA
6706,NA
6707,NA
6708,NA
6709,NA
6710,NA
6711,NA
6712,NA
6713,NA
6714,NA
6715,NA
6716,NA
6717,NA
6718,NA
6719,NA
6720,NA
6721,NA
6722,NA
6723,NA
6724,NA
6725,NA
6726,NA
6727,NA
6728,NA
6729,NA
6730,NA
6731,NA
6732,NA
6733,NA
6734,NA
6735,NA
6736,NA
6737,NA
6738,NA
6739,NA
6740,NA
6741,NA
6742,NA
6743,NA
6744,NA
6745,NA
6746,NA
6747,NA
6748,NA
6749,NA
6750,NA
6751,NA
6752,NA
6753,NA
6754,NA
6755,NA
6756,NA
6757,NA
6758,NA
6759,NA
6760,NA
6761,NA
6762,NA
6763,NA
6764,NA
6765,NA
6766,NA
6767,NA
6768,NA
6769,NA
6770,NA
6771,NA
6772,NA
6773,NA
6774,NA
6775,NA
6776,NA
6777,NA
6778,NA
6779,NA
6780,NA
6781,NA
6782,NA
6783,NA
6784,NA
6785,NA
6786,NA
6787,NA
6788,NA
6789,NA
6790,NA
6791,NA
6792,NA
6793,NA
6794,NA
6795,NA
6796,NA
6797,NA
6798,NA
6799,NA
6800,NA
6801,NA
6802,NA
6803,NA
6804,NA
6805,NA
6806,NA
6807,NA
6808,NA
6809,NA
6810,NA
6811,NA
6812,NA
6813,NA
6814,NA
6815,NA
6816,NA
6817,NA
6818,NA
6819,NA
6820,NA
6821,NA
6822,NA
6823,NA
6824,NA
6825,NA
6826,NA
6827,NA
6828,NA
6829,NA
6830,NA
6831,NA
6832,NA
6833,NA
6834,NA
6835,NA
6836,NA
6837,NA
6838,NA
6839,NA
6840,NA
6841,NA
6842,NA
6843,NA
6844,NA
6845,NA
6846,NA
6847,NA
6848,NA
6849,NA
6850,NA
6851,NA
6852,NA
6853,NA
6854,NA
6855,NA
6856,NA
6857,NA
6858,NA
6859,NA
6860,NA
6861,NA
6862,NA
6863,NA
6864,NA
6865,NA
6866,NA
6867,NA
6868,NA
6869,NA
6870,NA
6871,NA
6872,NA
6873,NA
6874,NA
6875,NA
6876,NA
6877,NA
6878,NA
6879,NA
6880,NA
6881,NA
6882,NA
6883,NA
6884,NA
6885,NA
6886,NA
6887,NA
6888,NA
6889,NA
6890,NA
6891,NA
6892,NA
6893,NA
6894,NA
6895,NA
6896,NA
6897,NA
6898,NA
6899,NA
6900,NA
6901,NA
6902,NA
6903,NA
6904,NA
6905,NA
6906,NA
6907,NA
6908,NA
6909,NA
6910,NA
6911,NA
6912,NA
6913,NA
6914,NA
6915,NA
6916,NA
6917,NA
6918,NA
6919,NA
6920,NA
6921,NA
6922,NA
6923,NA
6924,NA
6925,NA
6926,NA
6927,NA
6928,NA
6929,NA
6930,NA
6931,NA
6932,NA
6933,NA
6934,NA
6935,NA
6936,NA
6937,NA
6938,NA
6939,NA
6940,NA
6941,NA
6942,NA
6943,NA
6944,NA
6945,NA
6946,NA
6947,NA
6948,NA
6949,NA
6950,NA
6951,NA
6952,NA
6953,NA
6954,NA
6955,NA
6956,NA
6957,NA
6958,NA
6959,NA
6960,NA
6961,NA
6962,NA
6963,NA
6964,NA
6965,NA
6966,NA
6967,NA
6968,NA
6969,NA
6970,NA
6971,NA
6972,NA
6973,NA
6974,NA
6975,NA
6976,NA
6977,NA
6978,NA
6979,NA
6980,NA
6981,NA
6982,NA
6983,NA
6984,NA
6985,NA
6986,NA
6987,NA
6988,NA
6989,NA
6990,NA
6991,NA
6992,NA
6993,NA
6994,NA
6995,NA
6996,NA
6997,NA
6998,NA
6999,NA
7000,NA
7001,NA
7002,NA
7003,NA
7004,NA
7005,NA
7006,NA
7007,NA
7008,NA
7009,NA
7010,NA
7011,NA
7012,NA
7013,NA
7014,NA
7015,NA
7016,NA
7017,NA
7018,NA
7019,NA
7020,NA
7021,NA
7022,NA
7023,NA
7024,NA
7025,NA
7026,NA
7027,NA
7028,NA
7029,NA
7030,NA
7031,NA
7032,NA
7033,NA
7034,NA
7035,NA
7036,NA
7037,NA
7038,NA
7039,NA
7040,NA
7041,NA
7042,NA
7043,NA
7044,NA
7045,NA
7046,NA
7047,NA
7048,NA
7049,NA
7050,NA
7051,NA
7052,NA
7053,NA
7054,NA
7055,NA
7056,NA
7057,NA
7058,NA
7059,NA
7060,NA
7061,NA
7062,NA
7063,NA
7064,NA
7065,NA
7066,NA
7067,NA
7068,NA
7069,NA
7070,NA
7071,NA
7072,NA
7073,NA
7074,NA
7075,NA
7076,NA
7077,NA
7078,NA
7079,NA
7080,NA
7081,NA
7082,NA
7083,NA
7084,NA
7085,NA
7086,NA
7087,NA
7088,NA
7089,NA
7090,NA
7091,NA
7092,NA
7093,NA
7094,NA
7095,NA
7096,NA
7097,NA
7098,NA
7099,NA
7100,NA
7101,NA
7102,NA
7103,NA
7104,NA
7105,NA
7106,NA
7107,NA
7108,NA
7109,NA
7110,NA
7111,NA
7112,NA
7113,NA
7114,NA
7115,NA
7116,NA
7117,NA
7118,NA
7119,NA
7120,NA
7121,NA
7122,NA
7123,NA
7124,NA
7125,NA
7126,NA
7127,NA
7128,NA
7129,NA
7130,NA
7131,NA
7132,NA
7133,NA
7134,NA
7135,NA
7136,NA
7137,NA
7138,NA
7139,NA
7140,NA
7141,NA
7142,NA
7143,NA
7144,NA
7145,NA
7146,NA
7147,NA
7148,NA
7149,NA
7150,NA
7151,NA
7152,NA
7153,NA
7154,NA
7155,NA
7156,NA
7157,NA
7158,NA
7159,NA
7160,NA
7161,NA
7162,NA
7163,NA
7164,NA
7165,NA
7166,NA
7167,NA
7168,NA
7169,NA
7170,NA
7171,NA
7172,NA
7173,NA
7174,NA
7175,NA
7176,NA
7177,NA
7178,NA
7179,NA
7180,NA
7181,NA
7182,NA
7183,NA
7184,NA
7185,NA
7186,NA
7187,NA
7188,NA
7189,NA
7190,NA
7191,NA
7192,NA
7193,NA
7194,NA
7195,NA
7196,NA
7197,NA
7198,NA
7199,NA
7200,NA
7201,NA
7202,NA
7203,NA
7204,NA
7205,NA
7206,NA
7207,NA
7208,NA
7209,NA
7210,NA
7211,NA
7212,NA
7213,NA
7214,NA
7215,NA
7216,NA
7217,NA
7218,NA
7219,NA
7220,NA
7221,NA
7222,NA
7223,NA
7224,NA
7225,NA
7226,NA
7227,NA
7228,NA
7229,NA
7230,NA
7231,NA
7232,NA
7233,NA
7234,NA
7235,NA
7236,NA
7237,NA
7238,NA
7239,NA
7240,NA
7241,NA
7242,NA
7243,NA
7244,NA
7245,NA
7246,NA
7247,NA
7248,NA
7249,NA
7250,NA
7251,NA
7252,NA
7253,NA
7254,NA
7255,NA
7256,NA
7257,NA
7258,NA
7259,NA
7260,NA
7261,NA
7262,NA
7263,NA
7264,NA
7265,NA
7266,NA
7267,NA
7268,NA
7269,NA
7270,NA
7271,NA
7272,NA
7273,NA
7274,NA
7275,NA
7276,NA
7277,NA
7278,NA
7279,NA
7280,NA
7281,NA
7282,NA
7283,NA
7284,NA
7285,NA
7286,NA
7287,NA
7288,NA
7289,NA
7290,NA
7291,NA
7292,NA
7293,NA
7294,NA
7295,NA
7296,NA
7297,NA
7298,NA
7299,NA
7300,NA
7301,NA
7302,NA
7303,NA
7304,NA
7305,NA
7306,NA
7307,NA
7308,NA
7309,NA
7310,NA
7311,NA
7312,NA
7313,NA
7314,NA
7315,NA
7316,NA
7317,NA
7318,NA
7319,NA
7320,NA
7321,NA
7322,NA
7323,NA
7324,NA
7325,NA
7326,NA
7327,NA
7328,NA
7329,NA
7330,NA
7331,NA
7332,NA
7333,NA
7334,NA
7335,NA
7336,NA
7337,NA
7338,NA
7339,NA
7340,NA
7341,NA
7342,NA
7343,NA
7344,NA
7345,NA
7346,NA
7347,NA
7348,NA
7349,NA
7350,NA
7351,NA
7352,NA
7353,NA
7354,NA
7355,NA
7356,NA
7357,NA
7358,NA
7359,NA
7360,NA
7361,NA
7362,NA
7363,NA
7364,NA
7365,NA
7366,NA
7367,NA
7368,NA
7369,NA
7370,NA
7371,NA
7372,NA
7373,NA
7374,NA
7375,NA
7376,NA
7377,NA
7378,NA
7379,NA
7380,NA
7381,NA
7382,NA
7383,NA
7384,NA
7385,NA
7386,NA
7387,NA
7388,NA
7389,NA
7390,NA
7391,NA
7392,NA
7393,NA
7394,NA
7395,NA
7396,NA
7397,NA
7398,NA
